farm_id,species,tabaka,herd_size,hastalanan,prevalence,illness_duration_days,total_loss_try,per_animal_loss_try,per_animal_loss_usd
1,sigir,1,20,1,0.05,60,3100.2623999999964,3100.2623999999964,163.6886166842659
2,sigir,2,34,2,0.058823529411764705,50,21953.26800000003,10976.634000000015,579.5477296726513
3,sigir,1,20,1,0.05,40,3654.358400000013,3654.358400000013,192.94394931362262
4,sigir,1,20,6,0.3,60,15605.479999999996,2600.9133333333325,137.32382963745155
5,sigir,1,20,1,0.05,50,5946.055999999988,5946.055999999988,313.94171066525803
6,sigir,1,20,1,0.05,50,19031.360000000022,19031.360000000022,1004.8236536430845
7,sigir,2,51,8,0.1568627450980392,60,31739.043999999954,3967.3804999999943,209.4709873284052
8,sigir,2,31,2,0.06451612903225806,30,11899.080000000085,5949.540000000043,314.12565997888294
9,sigir,1,23,2,0.08695652173913043,50,13400.939999999968,6700.469999999984,353.77349524815116
10,sigir,1,23,7,0.30434782608695654,60,11254.740000000007,1607.820000000001,84.89017951425559
11,sigir,1,20,6,0.3,30,10077.86519999995,1679.6441999999915,88.68237592396999
12,sigir,3,305,60,0.19672131147540983,60,781665.7496000003,13027.762493333339,687.8438486448437
13,sigir,2,28,2,0.07142857142857142,30,12069.540000000019,6034.7700000000095,318.6256599788812
14,sigir,1,24,3,0.125,50,18883.358400000026,6294.452800000009,332.33647307286213
15,sigir,3,100,7,0.07,40,136525.42399999997,19503.631999999994,1029.7588173178453
16,sigir,2,27,1,0.037037037037037035,50,12946.319999999996,12946.319999999996,683.5438225976766
17,sigir,1,21,1,0.047619047619047616,30,14256.696000000005,14256.696000000005,752.7294614572336
18,sigir,2,26,2,0.07692307692307693,60,26181.561999999973,13090.780999999986,691.1711193241808
19,sigir,1,25,3,0.12,30,23081.123999999963,7693.707999999988,406.21478352692645
20,sigir,1,23,1,0.043478260869565216,40,12023.419200000013,12023.419200000013,634.8162196409721
21,sigir,1,24,2,0.08333333333333333,60,16912.323999999986,8456.161999999993,446.47106652587075
22,sigir,1,20,1,0.05,60,4977.0912,4977.0912,262.78200633579723
23,sigir,1,20,1,0.05,60,6137.96799999995,6137.96799999995,324.07434002111665
24,sigir,1,23,1,0.043478260869565216,50,11417.320800000092,11417.320800000092,602.815248152064
25,sigir,1,25,2,0.08,60,8504.08000000001,4252.040000000005,224.5005279831048
26,sigir,2,29,5,0.1724137931034483,60,19073.320000000018,3814.6640000000034,201.40781414994737
27,sigir,2,26,4,0.15384615384615385,60,12097.856000000009,3024.464000000002,159.68658922914477
28,sigir,2,31,1,0.03225806451612903,50,17276.50200000002,17276.50200000002,912.1701161562839
29,sigir,2,35,2,0.05714285714285714,40,9031.430800000004,4515.715400000002,238.42214361140452
30,sigir,2,26,1,0.038461538461538464,60,17127.599999999995,17127.599999999995,904.3083421330514
31,sigir,2,32,4,0.125,50,51518.53880000008,12879.63470000002,680.0229514255554
32,sigir,1,24,3,0.125,60,9623.428799999972,3207.809599999991,169.36692713833108
33,sigir,2,28,6,0.21428571428571427,30,12509.879999999954,2084.9799999999923,110.08342133051701
34,sigir,2,30,3,0.1,50,57990.37999999998,19330.12666666666,1020.5980288630759
35,sigir,2,27,1,0.037037037037037035,30,11655.324800000011,11655.324800000011,615.3814572333691
36,sigir,1,20,1,0.05,30,7870.999999999993,7870.999999999993,415.5755015839489
37,sigir,1,20,1,0.05,30,9839.258399999973,9839.258399999973,519.49621964097
38,sigir,1,23,1,0.043478260869565216,30,17313.435999999965,17313.435999999965,914.1201689545916
39,sigir,2,26,9,0.34615384615384615,30,58648.77719999993,6516.530799999992,344.0618162618792
40,sigir,1,25,4,0.16,30,6651.036800000035,1662.7592000000088,87.79087645195399
41,sigir,3,220,80,0.36363636363636365,40,406091.96619999985,5076.1495774999985,268.0121213041182
42,sigir,3,193,12,0.06217616580310881,60,236397.18720000025,19699.76560000002,1040.1143400211204
43,sigir,2,56,12,0.21428571428571427,30,145548.36499999982,12129.030416666652,640.3923134459689
44,sigir,2,60,10,0.16666666666666666,50,87800.28999999989,8780.02899999999,463.5706969376974
45,sigir,2,26,1,0.038461538461538464,30,9771.039999999988,9771.039999999988,515.8944033790912
46,sigir,1,25,2,0.08,50,7183.1152,3591.5576,189.62817317845827
47,sigir,1,24,2,0.08333333333333333,30,7971.615999999989,3985.8079999999945,210.44392819429748
48,sigir,2,41,2,0.04878048780487805,60,73308.73919999995,36654.369599999976,1935.2887856388581
49,sigir,1,25,1,0.04,50,13495.392000000027,13495.392000000027,712.5338965153129
50,sigir,2,37,3,0.08108108108108109,40,50145.70040000024,16715.23346666675,882.5360858852559
51,sigir,1,20,1,0.05,30,11493.019999999997,11493.019999999997,606.8120380147833
52,sigir,2,47,3,0.06382978723404255,60,61318.18,20439.393333333333,1079.1654347060894
53,sigir,2,30,9,0.3,30,42822.38840000004,4758.04315555556,251.21663968086375
54,sigir,2,26,2,0.07692307692307693,30,1835.2936000000213,917.6468000000107,48.45020063358029
55,sigir,1,20,2,0.1,60,16125.19679999999,8062.598399999995,425.69157338965124
56,sigir,1,24,1,0.041666666666666664,40,13477.027199999984,13477.027199999984,711.5642661034838
57,sigir,2,53,13,0.24528301886792453,50,64273.21999999995,4944.093846153843,261.03980180326516
58,sigir,1,20,7,0.35,40,15231.775999999985,2175.967999999998,114.88743400211182
59,sigir,2,28,2,0.07142857142857142,50,11176.501600000029,5588.250800000014,295.05020063358046
60,sigir,3,91,7,0.07692307692307693,50,100974.22300000014,14424.889000000021,761.609767687435
61,sigir,2,49,4,0.08163265306122448,60,91959.95320000035,22989.98830000009,1213.8325395987374
62,sigir,2,29,3,0.10344827586206896,40,8097.020799999997,2699.006933333332,142.50300598380844
63,sigir,2,26,1,0.038461538461538464,60,15517.088000000065,15517.088000000065,819.2760295670572
64,sigir,2,27,8,0.2962962962962963,50,63070.80260000003,7883.850325000004,416.2539770327351
65,sigir,2,44,2,0.045454545454545456,30,30583.571199999966,15291.785599999983,807.3804435058069
66,sigir,1,25,5,0.2,40,7452.895999999996,1490.5791999999992,78.7000633579725
67,sigir,2,26,1,0.038461538461538464,60,8424.343600000033,8424.343600000033,444.79110876452125
68,sigir,1,25,2,0.08,30,6233.128,3116.564,164.54931362196407
69,sigir,1,42,1,0.023809523809523808,60,25569.321,25569.321,1350.0169482576557
71,sigir,1,101,3,0.0297029702970297,30,125748.21999999988,41916.0733333333,2213.097852868706
74,sigir,1,27,5,0.18518518518518517,60,45750.6577999998,9150.13155999996,483.1114868004202
75,sigir,1,45,3,0.06666666666666667,40,60748.200000000135,20249.400000000045,1069.1341077085556
76,sigir,2,43,7,0.16279069767441862,40,20535.552000000076,2933.6502857142964,154.89177854880128
77,sigir,1,23,3,0.13043478260869565,40,23498.159999999978,7832.719999999993,413.5543822597673
78,sigir,2,37,4,0.10810810810810811,50,51441.038000000044,12860.259500000011,678.9999736008454
91,sigir,1,26,3,0.11538461538461539,60,6398.7567999999665,2132.918933333322,112.6145160154869
92,sigir,2,90,6,0.06666666666666667,30,179729.7467999999,29954.957799999986,1581.571161562829
94,sigir,2,36,5,0.1388888888888889,60,58893.929200000086,11778.785840000017,621.8999915522712
95,sigir,1,27,1,0.037037037037037035,50,6398.340399999991,6398.340399999991,337.8215628299889
96,sigir,2,20,5,0.25,60,10226.724799999949,2045.34495999999,107.99075818373758
100,sigir,2,25,1,0.04,40,11335.519999999991,11335.519999999991,598.4963041182677
101,sigir,2,38,1,0.02631578947368421,60,11333.272000000008,11333.272000000008,598.3776135163679
103,sigir,2,43,3,0.06976744186046512,40,6475.12,2158.3733333333334,113.95846532910947
107,sigir,2,122,4,0.03278688524590164,60,154814.14399999962,38703.535999999905,2043.481309398094
108,sigir,1,29,3,0.10344827586206896,60,12885.216000000044,4295.072000000015,226.77254487856464
109,sigir,1,32,3,0.09375,60,4891.500000000007,1630.5000000000025,86.08764519535387
110,sigir,1,39,8,0.20512820512820512,60,41576.02800000001,5197.003500000002,274.3930042238649
112,sigir,1,20,5,0.25,50,23994.995999999985,4798.999199999997,253.37904963041163
114,sigir,2,124,2,0.016129032258064516,50,110487.27520000018,55243.63760000009,2916.7707286166888
122,sigir,1,22,1,0.045454545454545456,50,4507.531999999997,4507.531999999997,237.99007391763448
123,sigir,2,20,1,0.05,60,8462.540799999997,8462.540799999997,446.8078563885954
138,sigir,2,32,3,0.09375,50,21580.291999999994,7193.430666666664,379.80098556846167
139,sigir,1,44,2,0.045454545454545456,40,7501.568000000012,3750.784000000006,198.03505807814182
142,sigir,2,40,7,0.175,60,19522.43999999996,2788.919999999994,147.25026399155195
146,sigir,1,25,2,0.08,30,12597.699999999995,6298.849999999998,332.56863780359015
148,sigir,1,63,7,0.1111111111111111,40,134729.51999999976,19247.07428571425,1016.2130034696013
149,sigir,1,90,8,0.08888888888888889,60,184099.57199999972,23012.446499999965,1215.0182946145703
150,sigir,2,75,2,0.02666666666666667,60,94705.72399999993,47352.861999999965,2500.1511087645176
153,sigir,1,21,6,0.2857142857142857,60,19916.88000000002,3319.480000000003,175.26293558606142
157,sigir,3,21,1,0.047619047619047616,50,15581.461599999991,15581.461599999991,822.6748468848991
158,sigir,2,22,1,0.045454545454545456,50,25208.908000000007,25208.908000000007,1330.987750791975
166,sigir,1,23,1,0.043478260869565216,40,5866.464000000002,5866.464000000002,309.7393875395988
168,sigir,2,21,2,0.09523809523809523,50,11399.53359999999,5699.766799999995,300.938057022175
171,sigir,3,27,4,0.14814814814814814,30,20580.6999999999,5145.174999999975,271.656546990495
175,sigir,1,27,5,0.18518518518518517,30,35738.06639999999,7147.613279999998,377.38190496304105
181,sigir,2,25,1,0.04,60,12910.415999999983,12910.415999999983,681.6481520591332
189,sigir,2,21,6,0.2857142857142857,30,18853.566400000018,3142.2610666666696,165.90607532558974
193,sigir,3,22,3,0.13636363636363635,50,10891.250000000093,3630.4166666666974,191.67986624428178
216,sigir,2,20,8,0.4,30,44983.88320000005,5622.985400000006,296.8841288278778
221,sigir,1,26,3,0.11538461538461539,60,17058.980000000065,5686.326666666689,300.22844068989906
234,sigir,3,23,6,0.2608695652173913,30,12392.688000000002,2065.4480000000003,109.05216473072862
240,sigir,3,28,2,0.07142857142857142,40,23823.452800000083,11911.726400000041,628.9190285110898
242,sigir,2,24,8,0.3333333333333333,50,8144.2591999998895,1018.0323999999862,53.75039070749663
243,sigir,2,21,7,0.3333333333333333,50,46497.69039999981,6642.527199999973,350.7142133051728
244,sigir,2,24,1,0.041666666666666664,30,15321.768000000018,15321.768000000018,808.9634635691667
247,sigir,3,43,1,0.023255813953488372,30,50361.8556000001,50361.8556000001,2659.0208870116207
248,sigir,2,37,1,0.02702702702702703,50,8299.599999999988,8299.599999999988,438.20485744456107
261,sigir,3,23,1,0.043478260869565216,50,3692.539999999991,3692.539999999991,194.95987328405442
268,sigir,3,45,3,0.06666666666666667,60,76359.96480000002,25453.321600000007,1343.8923759239708
272,sigir,1,23,3,0.13043478260869565,40,11275.200000000017,3758.4000000000055,198.43717001055995
284,sigir,1,28,2,0.07142857142857142,60,53021.26400000009,26510.632000000045,1399.7165786694848
285,sigir,3,25,2,0.08,50,5907.695999999962,2953.847999999981,155.95818373811935
69,manda,1,30,8,0.26666666666666666,60,102798.1100000001,12849.763750000013,678.4458157338971
70,manda,1,30,8,0.26666666666666666,0,165225.59999999998,20653.199999999997,1090.4540654699047
71,manda,1,42,9,0.21428571428571427,30,142241.06000000017,15804.562222222241,834.4541827994847
72,manda,1,35,9,0.2571428571428571,0,138675.15599999996,15408.350666666662,813.534882083773
73,manda,2,167,12,0.0718562874251497,0,900116.2309999997,75009.68591666664,3960.3846840901074
74,manda,1,20,6,0.3,60,57596.01999999993,9599.336666666655,506.82875747976
75,manda,1,43,8,0.18604651162790697,40,210817.09999999986,26352.137499999983,1391.3483368532197
76,manda,2,55,7,0.12727272727272726,40,200449.28000000003,28635.611428571432,1511.9119022476996
77,manda,1,27,7,0.25925925925925924,40,156373.31800000032,22339.045428571473,1179.4638557851886
78,manda,2,127,8,0.06299212598425197,50,532367.6199999996,66545.95249999996,3513.5138595564918
79,manda,1,26,8,0.3076923076923077,0,122290.14399999997,15286.267999999996,807.0891235480462
80,manda,1,21,8,0.38095238095238093,0,79358.83799999999,9919.854749999999,523.751570749736
81,manda,1,28,3,0.10714285714285714,0,90145.91999999998,30048.639999999996,1586.5174234424494
82,manda,1,23,5,0.21739130434782608,50,55620.06899999986,11124.013799999972,587.329134107707
83,manda,1,45,1,0.022222222222222223,0,128850.53000000003,128850.53000000003,6803.090285110878
84,manda,1,33,8,0.24242424242424243,0,103581.71600000001,12947.714500000002,683.6174498416051
85,manda,1,32,6,0.1875,0,108492.64999999997,18082.108333333326,954.7047694473772
86,manda,1,34,1,0.029411764705882353,0,119905.46400000015,119905.46400000015,6330.805913410779
87,manda,1,22,5,0.22727272727272727,60,120843.56599999999,24168.7132,1276.06722280887
88,manda,2,52,11,0.21153846153846154,0,195607.94299999974,17782.54027272725,938.8880819813753
89,manda,1,23,6,0.2608695652173913,50,72156.71799999996,12026.11966666666,634.9587997184086
90,manda,1,44,9,0.20454545454545456,0,141244.8600000001,15693.873333333344,828.6099964801132
91,manda,1,23,2,0.08695652173913043,60,94664.41599999991,47332.207999999955,2499.0606124603987
92,manda,2,91,11,0.12087912087912088,30,243129.12000000034,22102.647272727303,1166.9824325621596
93,manda,2,116,5,0.04310344827586207,0,1078857.5020000003,215771.50040000008,11392.370665258715
94,manda,2,78,6,0.07692307692307693,60,212692.91999999987,35448.81999999998,1871.6378035902837
95,manda,1,29,7,0.2413793103448276,50,178523.2000000002,25503.314285714314,1346.5319052647471
96,manda,2,75,9,0.12,60,297091.7250000001,33010.19166666668,1742.882347764872
97,manda,1,23,5,0.21739130434782608,0,60789.825999999994,12157.965199999999,641.920021119324
98,manda,1,31,9,0.2903225806451613,50,155976.314,17330.701555555555,915.0317611169775
99,manda,1,22,7,0.3181818181818182,0,61383.19000000006,8769.027142857152,462.9898174686986
100,manda,2,82,5,0.06097560975609756,40,304329.4440000003,60865.88880000006,3213.616092925029
101,manda,2,60,5,0.08333333333333333,60,174357.76,34871.552,1841.1590285110876
102,manda,2,215,12,0.05581395348837209,40,970721.9000000004,80893.4916666667,4271.039686730026
103,manda,2,190,3,0.015789473684210527,40,730323.8050000006,243441.26833333354,12853.2876627948
104,manda,2,76,5,0.06578947368421052,50,216656.88800000004,43331.37760000001,2287.8235269271386
105,manda,2,108,10,0.09259259259259259,40,443461.0320000001,44346.10320000001,2341.3993241816265
106,manda,2,63,6,0.09523809523809523,0,214953.3940000001,35825.565666666684,1891.5293382611765
107,manda,2,99,6,0.06060606060606061,60,367737.10000000056,61289.51666666676,3235.982928546291
108,manda,1,25,7,0.28,60,69047.80799999999,9863.97257142857,520.8010861366721
109,manda,1,48,4,0.08333333333333333,60,224686.00799999968,56171.50199999992,2965.760401267155
110,manda,1,20,4,0.2,60,76239.73999999999,19059.934999999998,1006.3323653643082
111,manda,1,24,8,0.3333333333333333,0,76685.06399999995,9585.632999999994,506.1052270327346
112,manda,1,20,9,0.45,50,62872.0,6985.777777777777,368.83726387422263
113,manda,1,23,7,0.30434782608695654,0,60205.78400000009,8600.826285714298,454.1090963946303
114,manda,2,53,4,0.07547169811320754,50,164481.92999999982,41120.482499999955,2171.0920010559635
115,manda,1,43,8,0.18604651162790697,0,200054.6760000001,25006.83450000001,1320.3186114044356
116,manda,1,24,8,0.3333333333333333,0,78799.83999999991,9849.979999999989,520.0623020063351
117,manda,2,166,4,0.024096385542168676,0,1054782.6000000006,263695.65000000014,13922.684794086596
118,manda,2,300,3,0.01,0,1085421.795,361807.26499999996,19102.812302006332
119,manda,1,38,6,0.15789473684210525,0,187626.93999999994,31271.15666666666,1651.0642379443852
120,manda,2,140,2,0.014285714285714285,0,628728.9840000002,314364.4920000001,16597.914044350586
121,manda,2,193,10,0.05181347150259067,0,812924.5160000008,81292.45160000007,4292.104097148895
122,manda,1,30,9,0.3,50,157999.76,17555.52888888889,926.9022644608706
123,manda,2,103,4,0.038834951456310676,60,584419.7439999995,146104.93599999987,7714.0937697993595
124,manda,1,20,7,0.35,0,94527.46000000014,13503.922857142878,712.9843113591804
125,manda,2,98,2,0.02040816326530612,50,344105.5199999998,172052.7599999999,9084.095036958812
126,manda,1,26,9,0.34615384615384615,30,140316.96999999974,15590.774444444416,823.1665493370863
127,manda,1,24,3,0.125,30,90703.64800000004,30234.549333333347,1596.3331221400922
128,manda,2,109,4,0.03669724770642202,0,568271.077,142067.76925,7500.938186378036
129,manda,1,35,4,0.11428571428571428,40,192541.92000000004,48135.48000000001,2541.4720168954595
130,manda,1,36,4,0.1111111111111111,60,179050.28000000014,44762.570000000036,2363.388067581839
131,manda,2,57,9,0.15789473684210525,0,262955.2839999995,29217.253777777725,1542.6216355743254
132,manda,1,32,3,0.09375,40,200334.78499999992,66778.26166666664,3525.7793910594846
133,manda,1,22,4,0.18181818181818182,0,82707.00800000003,20676.752000000008,1091.6975712777194
134,manda,1,47,5,0.10638297872340426,0,167400.0120000001,33480.00240000002,1767.687560718058
135,manda,2,95,6,0.06315789473684211,0,319611.35999999987,53268.559999999976,2812.4899683210124
136,manda,2,58,7,0.1206896551724138,0,225219.89599999995,32174.27085714285,1698.7471413486192
137,manda,1,40,5,0.125,0,187959.19999999995,37591.83999999999,1984.7856388595558
138,manda,2,70,7,0.1,50,263495.14000000013,37642.162857142874,1987.4426006939213
139,manda,1,29,7,0.2413793103448276,40,82946.33500000002,11849.476428571432,625.6323351938454
140,manda,1,20,8,0.4,30,66218.832,8277.354,437.03030623020055
141,manda,1,31,7,0.22580645161290322,60,123295.94200000004,17613.706000000006,929.9739176346359
142,manda,2,61,7,0.11475409836065574,60,271227.872,38746.83885714285,2045.7676270930754
143,manda,1,20,8,0.4,50,70373.29600000012,8796.662000000015,464.4488912354812
144,manda,2,56,2,0.03571428571428571,0,236699.4439999999,118349.72199999995,6248.665364308339
145,manda,1,27,5,0.18518518518518517,0,87346.04200000002,17469.208400000003,922.3446884899685
146,manda,1,20,8,0.4,30,51689.09999999992,6461.13749999999,341.13714361140387
147,manda,1,37,7,0.1891891891891892,0,118497.04800000001,16928.149714285715,893.7777040277568
148,manda,1,49,6,0.12244897959183673,40,182635.83600000024,30439.30600000004,1607.1439281942999
149,manda,1,20,4,0.2,60,77969.8400000001,19492.460000000025,1029.1689545934541
150,manda,2,77,3,0.03896103896103896,60,253764.4820000003,84588.16066666676,4466.111967617041
151,manda,1,49,5,0.10204081632653061,0,150584.83000000007,30116.966000000015,1590.124920802535
152,manda,1,21,5,0.23809523809523808,0,41291.42600000002,8258.285200000004,436.02350580781433
177,manda,1,24,3,0.125,0,83103.13200000004,27701.044000000013,1462.568321013728
11,koyun,1,33,5,0.15151515151515152,10,8527.405200000008,1705.4810400000017,90.04651742344254
14,koyun,1,60,4,0.06666666666666667,70,2223.2656000000025,555.8164000000006,29.346166842661066
22,koyun,1,275,3,0.01090909090909091,30,14639.617540000007,4879.8725133333355,257.6490239352342
26,koyun,2,58,6,0.10344827586206896,70,3308.959999999999,551.4933333333332,29.117916226680737
31,koyun,2,74,9,0.12162162162162163,50,6466.148180000004,718.4609088888893,37.933522116625625
47,koyun,1,217,9,0.041474654377880185,70,17486.60699999999,1942.9563333333322,102.58481168602597
81,koyun,1,101,9,0.0891089108910891,60,16602.775999999983,1844.7528888888871,97.3998357385896
95,koyun,1,21,7,0.3333333333333333,10,3577.918239999999,511.131177142857,26.986862573540492
110,koyun,1,114,6,0.05263157894736842,80,14992.0674,2498.6779,131.92597148891235
116,koyun,1,39,4,0.10256410256410256,50,5321.257879999997,1330.3144699999993,70.23835638859552
119,koyun,1,49,6,0.12244897959183673,60,4977.41111999999,829.5685199999983,43.79981626187953
122,koyun,1,80,5,0.0625,10,6297.828000000009,1259.5656000000017,66.50293558606133
125,koyun,2,178,6,0.033707865168539325,40,24637.52079999994,4106.253466666657,216.8032453361487
151,koyun,1,82,2,0.024390243902439025,50,2108.0560000000023,1054.0280000000012,55.650897571277774
153,koyun,1,41,8,0.1951219512195122,80,2025.3593200000014,253.16991500000017,13.366943769799375
154,koyun,3,166,4,0.024096385542168676,40,11633.446599999996,2908.361649999999,153.55658130939804
155,koyun,2,68,6,0.08823529411764706,30,2277.3510800000004,379.5585133333334,20.040048222456882
156,koyun,1,23,6,0.2608695652173913,70,1605.9760000000024,267.66266666666706,14.132136571629728
157,koyun,3,155,2,0.012903225806451613,90,24055.914239999955,12027.957119999977,635.055814149946
158,koyun,2,93,7,0.07526881720430108,50,5549.696000000011,792.8137142857158,41.85922461909798
159,koyun,3,173,3,0.017341040462427744,40,37564.457599999965,12521.485866666655,661.113298134459
160,koyun,1,31,3,0.0967741935483871,30,6194.764999999999,2064.9216666666666,109.02437521999295
161,koyun,3,104,5,0.04807692307692308,30,10608.915999999997,2121.7831999999994,112.02656810982045
162,koyun,2,68,3,0.04411764705882353,80,2501.6368,833.8789333333334,44.0273988032383
163,koyun,2,56,7,0.125,40,5115.583999999995,730.7977142857136,38.58488459797854
164,koyun,2,58,4,0.06896551724137931,30,7775.252479999996,1943.813119999999,102.63004857444555
165,koyun,2,49,8,0.16326530612244897,60,3829.5155199999863,478.6894399999983,25.273993664202653
166,koyun,1,31,5,0.16129032258064516,60,2542.919679999999,508.5839359999998,26.852372544878552
167,koyun,2,55,9,0.16363636363636364,70,4684.278399999996,520.4753777777773,27.480220579608094
169,koyun,3,150,3,0.02,50,12747.83679999999,4249.27893333333,224.35474832805332
170,koyun,3,103,7,0.06796116504854369,30,14735.683320000011,2105.097617142859,111.1455975260221
171,koyun,3,100,2,0.02,60,18047.826719999983,9023.913359999991,476.4473790918686
172,koyun,1,20,9,0.45,60,3695.7464,410.6384888888889,21.681018420743868
173,koyun,1,21,9,0.42857142857142855,60,3151.9313,350.2145888888889,18.490738589698463
174,koyun,3,117,5,0.042735042735042736,90,11779.703840000031,2355.9407680000063,124.38969208025375
175,koyun,1,36,6,0.16666666666666666,40,3383.907519999997,563.9845866666661,29.77743329813443
176,koyun,1,39,5,0.1282051282051282,60,3768.5072,753.70144,39.7941626187962
177,koyun,1,39,3,0.07692307692307693,40,4670.2544999999955,1556.7514999999985,82.19384899683202
178,koyun,2,87,3,0.034482758620689655,50,2543.776249999999,847.9254166666664,44.76902939105947
179,koyun,1,36,5,0.1388888888888889,90,9399.02840000001,1879.805680000002,99.25056388595574
180,koyun,1,25,7,0.28,60,4146.17074999999,592.3101071428557,31.272972922009274
181,koyun,2,67,5,0.07462686567164178,30,4188.86608,837.7732159999999,44.233010348468845
182,koyun,2,82,6,0.07317073170731707,20,923.3980000000001,153.8996666666667,8.125642379443859
183,koyun,2,51,6,0.11764705882352941,40,5458.120000000003,909.6866666666671,48.029919042590656
184,koyun,3,126,7,0.05555555555555555,60,7668.038799999995,1095.4341142857136,57.837070448031334
185,koyun,2,85,2,0.023529411764705882,30,5867.395999999993,2933.6979999999967,154.89429778247077
186,koyun,1,36,5,0.1388888888888889,70,9351.731799999994,1870.3463599999989,98.75112777191123
187,koyun,3,103,3,0.02912621359223301,90,14910.465599999996,4970.155199999998,262.41579725448776
188,koyun,1,23,6,0.2608695652173913,10,2702.1656000000003,450.3609333333334,23.778296374516017
189,koyun,2,62,1,0.016129032258064516,80,2369.337720000003,2369.337720000003,125.0970285110878
190,koyun,1,34,5,0.14705882352941177,70,5822.037999999993,1164.4075999999986,61.47875395987321
191,koyun,2,52,4,0.07692307692307693,60,1953.44996,488.36249,25.78471436114044
192,koyun,3,111,9,0.08108108108108109,90,13521.468560000008,1502.3853955555564,79.32341053619622
193,koyun,3,107,4,0.037383177570093455,60,13622.412499999977,3405.603124999994,179.81009107708522
194,koyun,1,39,5,0.1282051282051282,50,7769.723220000014,1553.9446440000029,82.04565174234439
196,koyun,2,54,8,0.14814814814814814,20,3025.516000000007,378.18950000000086,19.967766631467835
197,koyun,3,119,2,0.01680672268907563,90,13614.513999999981,6807.2569999999905,359.4116684266098
198,koyun,3,101,6,0.0594059405940594,20,7176.1919999999955,1196.0319999999992,63.148468848996785
199,koyun,1,42,4,0.09523809523809523,60,4384.929499999998,1096.2323749999996,57.879217265047494
200,koyun,3,106,8,0.07547169811320754,30,12423.920000000013,1552.9900000000016,81.99524815205922
201,koyun,1,30,8,0.26666666666666666,70,1519.0706000000027,189.88382500000034,10.025545142555456
202,koyun,2,48,7,0.14583333333333334,70,3353.6431999999986,479.0918857142855,25.2952421179665
203,koyun,2,96,5,0.052083333333333336,10,7012.106119999997,1402.4212239999993,74.04547117212245
204,koyun,3,158,6,0.0379746835443038,30,25702.61864999996,4283.769774999993,226.17580649419182
205,koyun,3,121,8,0.06611570247933884,10,12012.025200000004,1501.5031500000005,79.27682946145725
206,koyun,1,37,4,0.10810810810810811,60,6311.383200000004,1577.845800000001,83.30759239704334
207,koyun,3,108,3,0.027777777777777776,40,14420.482820000005,4806.8276066666685,253.79237627595924
208,koyun,3,105,5,0.047619047619047616,50,13719.390700000018,2743.8781400000034,144.87212988384388
209,koyun,1,31,6,0.1935483870967742,10,4943.917119999991,823.9861866666652,43.50507849348813
210,koyun,2,88,1,0.011363636363636364,90,7827.666939999981,7827.666939999981,413.28758922914363
211,koyun,2,83,5,0.060240963855421686,50,1814.604800000001,362.9209600000002,19.161613516367485
212,koyun,2,91,2,0.02197802197802198,70,5243.603200000005,2621.8016000000025,138.4266948257657
213,koyun,3,140,1,0.007142857142857143,70,13721.897720000008,13721.897720000008,724.4930158394935
214,koyun,3,114,9,0.07894736842105263,40,12799.21159999998,1422.13462222222,75.08630529156389
215,koyun,3,129,5,0.03875968992248062,80,10071.499119999979,2014.2998239999956,106.3516274551212
217,koyun,3,112,1,0.008928571428571428,90,19009.994350000023,19009.994350000023,1003.6955834213317
218,koyun,2,56,6,0.10714285714285714,70,6121.083999999995,1020.1806666666658,53.8638155579021
219,koyun,1,40,5,0.125,20,6914.345600000001,1382.86912,73.01315311510031
221,koyun,1,35,5,0.14285714285714285,40,6838.720000000001,1367.7440000000001,72.21457233368533
222,koyun,3,143,1,0.006993006993006993,50,14636.727199999994,14636.727199999994,772.794466737064
223,koyun,1,34,6,0.17647058823529413,80,3831.162359999995,638.5270599999991,33.71314994720164
224,koyun,3,103,4,0.038834951456310676,10,13429.399999999994,3357.3499999999985,177.2624076029566
225,koyun,2,99,3,0.030303030303030304,80,5573.835000000006,1857.9450000000022,98.09635691657878
226,koyun,2,86,4,0.046511627906976744,90,2850.9934600000015,712.7483650000004,37.63190945089759
227,koyun,1,29,2,0.06896551724137931,70,1984.467359999995,992.2336799999975,52.38826187961972
228,koyun,1,20,7,0.35,20,1573.561599999999,224.79451428571414,11.86877055362799
229,koyun,3,109,5,0.045871559633027525,60,7920.064959999989,1584.0129919999977,83.63320971488899
230,koyun,3,105,6,0.05714285714285714,40,14634.66770000002,2439.111283333337,128.78095476944756
231,koyun,1,23,8,0.34782608695652173,90,5654.818599999991,706.8523249999989,37.320608500527925
232,koyun,3,183,8,0.04371584699453552,70,13582.90240000002,1697.8628000000026,89.644287222809
233,koyun,3,139,5,0.03597122302158273,50,14911.540000000008,2982.308000000002,157.46082365364316
234,koyun,3,123,7,0.056910569105691054,20,14350.65167999998,2050.0930971428543,108.241451802685
235,koyun,3,135,6,0.044444444444444446,10,18327.965200000006,3054.6608666666675,161.2809327701514
236,koyun,1,36,1,0.027777777777777776,60,5686.2439999999915,5686.2439999999915,300.22407602956656
237,koyun,3,104,8,0.07692307692307693,80,8939.487200000018,1117.4359000000022,58.99872756071817
238,koyun,2,59,3,0.05084745762711865,70,5093.565599999994,1697.8551999999981,89.64388595564931
239,koyun,2,85,4,0.047058823529411764,30,1679.2587500000045,419.8146875000011,22.165506203801538
240,koyun,3,131,4,0.030534351145038167,50,17714.55679999999,4428.639199999998,233.824667370644
241,koyun,2,92,1,0.010869565217391304,10,1343.6513399999994,1343.6513399999994,70.94252059134104
242,koyun,2,51,7,0.13725490196078433,70,4747.648000000001,678.2354285714288,35.80968471866044
243,koyun,2,74,2,0.02702702702702703,90,6080.630799999999,3040.3153999999995,160.5235163674762
244,koyun,2,98,6,0.061224489795918366,60,1469.6924799999988,244.94874666666647,12.93287997184089
245,koyun,3,101,7,0.06930693069306931,70,15529.299200000009,2218.4713142857154,117.13153718509584
248,koyun,2,179,9,0.05027932960893855,50,13340.50959999999,1482.2788444444434,78.26181860847113
251,koyun,1,214,4,0.018691588785046728,40,15535.915999999997,3883.9789999999994,205.0675290390707
252,koyun,2,178,5,0.028089887640449437,70,34781.44896000001,6956.289792000001,367.28034804646256
253,koyun,3,212,9,0.04245283018867924,40,19056.338800000027,2117.370977777781,111.79361023113943
257,koyun,3,317,9,0.028391167192429023,30,17774.777920000022,1974.9753244444469,104.27536031913658
259,koyun,2,115,2,0.017391304347826087,90,11660.850000000006,5830.425000000003,307.8365892291448
260,koyun,2,352,3,0.008522727272727272,70,19417.90928000002,6472.636426666674,341.74426751144
262,koyun,2,42,5,0.11904761904761904,40,6398.025000000009,1279.6050000000018,67.56098204857454
264,koyun,2,45,5,0.1111111111111111,10,4629.132559999991,925.8265119999982,48.88207560718047
266,koyun,1,25,5,0.2,80,930.0590000000002,186.01180000000005,9.821108764519538
269,koyun,2,50,8,0.16,10,6538.015680000011,817.2519600000014,43.14952270327357
273,koyun,2,22,8,0.36363636363636365,10,4068.9360000000015,508.6170000000002,26.854118268215426
276,koyun,2,23,4,0.17391304347826086,80,2132.630399999998,533.1575999999995,28.14982048574443
280,koyun,2,27,4,0.14814814814814814,60,4540.100160000002,1135.0250400000004,59.9274044350581
283,koyun,2,249,7,0.028112449799196786,10,27057.321600000025,3865.331657142861,204.0829808417561
284,koyun,1,41,8,0.1951219512195122,10,6757.729749999999,844.7162187499998,44.59958916314677
285,koyun,3,48,5,0.10416666666666667,80,7331.362559999994,1466.2725119999989,77.41671129883838
201,keci,1,114,3,0.02631578947368421,40,49588.464000000095,16529.48800000003,872.7290390707512
205,keci,3,30,2,0.06666666666666667,20,24238.63387999995,12119.316939999975,639.8794582893333
220,keci,3,106,1,0.009433962264150943,40,40579.96880000003,40579.96880000003,2142.553790918692
231,keci,1,42,2,0.047619047619047616,40,17644.706899999976,8822.353449999988,465.8053563885949
246,keci,1,23,4,0.17391304347826086,10,13977.809679999998,3494.4524199999996,184.50118373812035
247,keci,3,247,5,0.020242914979757085,20,87368.17839999998,17473.635679999996,922.5784413938751
248,keci,2,31,7,0.22580645161290322,10,22295.13583999996,3185.01940571428,168.16364338512565
249,keci,2,52,4,0.07692307692307693,10,7369.503719999984,1842.375929999996,97.27433632523737
250,keci,1,24,8,0.3333333333333333,20,12894.789280000026,1611.8486600000033,85.10288595564958
251,keci,1,28,6,0.21428571428571427,20,4262.602400000011,710.4337333333351,37.509700809574184
252,keci,2,61,2,0.03278688524590164,10,14046.137039999994,7023.068519999997,370.8061520591339
253,keci,3,169,5,0.029585798816568046,10,68177.48775000022,13635.497550000044,719.9312328405514
254,keci,2,38,7,0.18421052631578946,30,27499.415359999985,3928.4879085714265,207.41752421179652
255,keci,3,161,2,0.012422360248447204,40,36460.45670000004,18230.22835000002,962.5252560718067
256,keci,2,67,8,0.11940298507462686,40,30611.41564000005,3826.4269550000063,202.02887829989473
257,keci,3,108,9,0.08333333333333333,30,30100.02690999997,3344.447434444441,176.58117394110036
258,keci,3,102,9,0.08823529411764706,30,31075.67900000009,3452.8532222222325,182.30481637920974
259,keci,2,85,2,0.023529411764705882,20,11819.697100000078,5909.848550000039,312.03001847941067
260,keci,2,56,8,0.14285714285714285,20,27850.44949999993,3481.306187499991,183.80708487328357
261,keci,3,188,9,0.047872340425531915,40,27548.82440000004,3060.9804888888934,161.6145981461929
262,keci,2,40,2,0.05,20,9586.890039999955,4793.445019999977,253.08579831045284
263,keci,2,32,6,0.1875,10,25707.90526,4284.650876666667,226.22232717353043
264,keci,2,92,3,0.03260869565217391,10,20249.12065000009,6749.706883333364,356.3731195001776
265,keci,1,27,8,0.2962962962962963,30,12748.870399999956,1593.6087999999945,84.13985216473043
266,keci,1,28,3,0.10714285714285714,30,13574.3741,4524.791366666667,238.90133931714186
267,keci,1,29,6,0.20689655172413793,30,9320.639680000015,1553.4399466666691,82.0190045758537
268,keci,3,149,6,0.040268456375838924,30,37212.79748000008,6202.132913333347,327.46213903555156
269,keci,2,70,2,0.02857142857142857,20,15124.257919999996,7562.128959999998,399.2676325237591
270,keci,3,113,6,0.05309734513274336,40,26211.808599999946,4368.634766666658,230.65653467089007
271,keci,2,47,9,0.19148936170212766,40,18683.95160000003,2075.9946222222256,109.60900856505943
272,keci,1,20,6,0.3,10,18046.211119999978,3007.70185333333,158.80157620556122
273,keci,2,43,6,0.13953488372093023,20,16284.787840000005,2714.1313066666676,143.30154734248507
274,keci,3,120,2,0.016666666666666666,20,48222.59055000008,24111.29527500004,1273.035653379094
275,keci,1,26,6,0.23076923076923078,20,8610.658399999966,1435.1097333333275,75.77136923618413
276,keci,2,42,9,0.21428571428571427,30,17827.022159999993,1980.7802399999991,104.58185005279826
277,keci,2,49,9,0.1836734693877551,40,14809.87671999995,1645.541857777772,86.88182987211046
278,keci,2,35,5,0.14285714285714285,20,11938.211760000007,2387.6423520000017,126.06348215417114
279,keci,2,37,5,0.13513513513513514,30,22855.3352,4571.06704,241.34461668426607
280,keci,2,64,9,0.140625,10,13907.79784000001,1545.3108711111122,81.58980312096685
281,keci,2,58,4,0.06896551724137931,10,30702.369600000035,7675.592400000009,405.2583104540659
282,keci,2,36,4,0.1111111111111111,10,6168.856800000045,1542.2142000000113,81.4263041182688
283,keci,2,45,6,0.13333333333333333,40,17947.497999999992,2991.2496666666652,157.93292854628643
284,keci,1,21,9,0.42857142857142855,40,13194.736000000004,1466.0817777777784,77.40664085415936
285,keci,3,125,1,0.008,30,33986.016720000014,33986.016720000014,1794.4042618796204
286,keci,2,50,1,0.02,30,25855.380799999984,25855.380799999984,1365.1204223864827
